S,K,T,r,sigma,type,lastPrice,bsPrice
6770.0,8575.0,0.2465753424657534,0.04,0.20746857387664291,P,1805.0,1724.670334
6770.0,4950.0,0.038356164383561646,0.04,0.2092667448132217,P,0.67,0.0
6770.0,5250.0,0.4931506849315068,0.04,0.21683598874011376,C,1642.37,1635.3702
6770.0,7650.0,0.038356164383561646,0.04,0.19354705173357223,C,0.4,0.053679
6770.0,6800.0,1.0,0.04,0.19084760832162595,P,389.96,396.090962
6770.0,6625.0,0.019178082191780823,0.04,0.17816452385580456,C,166.95,166.408539
6770.0,6525.0,0.005479452054794521,0.04,0.17184547856352675,P,0.0,0.043494
6770.0,8100.0,0.2465753424657534,0.04,0.1966296298160382,P,1330.0,1262.538264
6770.0,5100.0,0.019178082191780823,0.04,0.21073503595131393,P,0.0,0.0
6770.0,6725.0,0.005479452054794521,0.04,0.17909599717158114,P,17.1,17.15679
6770.0,8675.0,0.7397260273972602,0.04,0.21091172535304056,P,1905.0,1728.124986
6770.0,4875.0,0.3287671232876712,0.04,0.22203503561967775,C,1962.31,1959.503602
6770.0,7225.0,0.7397260273972602,0.04,0.20621645569879843,C,369.14,374.528419
6770.0,7425.0,0.0821917808219178,0.04,0.19217803898522257,C,9.06,8.714135
6770.0,6350.0,0.057534246575342465,0.04,0.19711357437148813,P,10.93,11.269918
6770.0,6550.0,0.2465753424657534,0.04,0.19321049570151938,P,134.41,136.353586
6770.0,6175.0,0.038356164383561646,0.04,0.19577014168606116,C,613.38,605.064795
6770.0,8625.0,0.019178082191780823,0.04,0.20537732625119753,P,1855.0,1848.386099
6770.0,5100.0,0.2465753424657534,0.04,0.21887718932517478,C,1734.97,1720.733681
6770.0,7200.0,0.7397260273972602,0.04,0.2008768834976663,P,602.55,591.731367
6770.0,7800.0,1.0,0.04,0.2130927570781353,P,1032.96,1034.457036
6770.0,8675.0,0.2465753424657534,0.04,0.2097092024357348,P,1905.0,1822.882098
6770.0,5575.0,0.038356164383561646,0.04,0.19933292947393816,C,1213.2,1203.546878
6770.0,7825.0,0.1643835616438356,0.04,0.19966766269759834,C,10.82,10.532849
6770.0,7675.0,0.057534246575342465,0.04,0.18639361542873417,C,0.0,0.284795
6770.0,5150.0,0.2465753424657534,0.04,0.2126318844216726,C,1716.26,1671.237456
6770.0,7500.0,0.057534246575342465,0.04,0.19401643391141069,P,730.0,714.618307
6770.0,8425.0,0.1232876712328767,0.04,0.20803097475250987,P,1655.0,1613.826093
6770.0,6400.0,1.0,0.04,0.20467268196799196,C,882.54,893.852498
6770.0,7350.0,0.0136986301369863,0.04,0.19377709458755274,C,0.1,0.006251
6770.0,8275.0,0.2465753424657534,0.04,0.20539724829095535,P,1505.0,1432.816338
6770.0,5650.0,0.019178082191780823,0.04,0.18659450719102727,C,1135.76,1124.332585
6770.0,6325.0,0.057534246575342465,0.04,0.1860090585120921,P,7.57,7.178391
6770.0,5275.0,0.038356164383561646,0.04,0.21012448232550426,P,0.72,0.0
6770.0,5350.0,0.1232876712328767,0.04,0.20505549608321613,P,0.0,0.047558
6770.0,7075.0,0.1643835616438356,0.04,0.19137820500574484,C,107.6,108.633106
6770.0,7650.0,0.7397260273972602,0.04,0.21326317681414272,C,254.27,254.7369
6770.0,6925.0,1.0,0.04,0.198338939573423,C,588.18,590.492207
6770.0,5975.0,0.3287671232876712,0.04,0.20874686284471763,P,46.37,46.578321
6770.0,7250.0,0.0821917808219178,0.04,0.18717962270809632,C,21.23,20.402895
6770.0,5950.0,0.7397260273972602,0.04,0.20921688642463668,P,118.48,116.513907
6770.0,5425.0,0.1643835616438356,0.04,0.20266724077093212,P,0.0,0.409808
6770.0,7800.0,0.1232876712328767,0.04,0.19870948979493985,P,1030.0,996.414737
6770.0,7725.0,0.005479452054794521,0.04,0.19132280924668144,C,0.0,0.0
6770.0,8375.0,0.3287671232876712,0.04,0.20595211932188326,C,16.67,16.52142
6770.0,7750.0,0.7397260273972602,0.04,0.20547700103602956,P,980.0,967.191182
6770.0,5400.0,0.005479452054794521,0.04,0.199679744874684,C,1390.54,1371.183432
6770.0,8600.0,0.019178082191780823,0.04,0.19909273139892733,P,1830.0,1823.40527
6770.0,5150.0,0.019178082191780823,0.04,0.20394650684313764,P,0.27,0.0
6770.0,7050.0,1.0,0.04,0.20784903975823185,P,559.22,562.290115
6770.0,5600.0,0.1643835616438356,0.04,0.20759622306040845,C,1215.58,1208.419532
6770.0,5675.0,0.4931506849315068,0.04,0.21558160691496628,P,42.02,42.607945
6770.0,7075.0,0.057534246575342465,0.04,0.18324750594067052,C,27.8,27.805068
6770.0,5225.0,0.4931506849315068,0.04,0.204218738517853,C,1660.52,1655.366321
6770.0,5975.0,0.0136986301369863,0.04,0.19252685589130245,P,0.0,0.0
6770.0,7100.0,0.1643835616438356,0.04,0.18705780085539375,P,373.13,380.64187
6770.0,6575.0,0.2465753424657534,0.04,0.19430203405522092,P,144.66,146.393502
6770.0,6200.0,0.057534246575342465,0.04,0.1874001937462015,P,2.52,2.417945
6770.0,5275.0,0.019178082191780823,0.04,0.2044302712909266,C,1535.47,1499.045024
6770.0,5375.0,0.1643835616438356,0.04,0.2061208097641883,P,0.33,0.334171
6770.0,8325.0,0.0821917808219178,0.04,0.20599076402341562,P,1555.0,1527.70718
6770.0,8175.0,0.0136986301369863,0.04,0.2032000420675847,P,1405.0,1400.521775
6770.0,5975.0,0.057534246575342465,0.04,0.18494663558476826,P,0.0,0.170481
6770.0,8200.0,0.0821917808219178,0.04,0.2013000667091448,C,0.0,0.062676
6770.0,8300.0,0.038356164383561646,0.04,0.20100543332000953,C,0.02,7e-06
6770.0,6775.0,0.0136986301369863,0.04,0.18642691356596805,C,58.68,58.293623
6770.0,7700.0,0.038356164383561646,0.04,0.19677002915213274,C,0.0,0.035332
6770.0,8225.0,0.019178082191780823,0.04,0.19765577095567347,C,0.0,0.0
6770.0,5975.0,0.3287671232876712,0.04,0.20876303654644643,C,914.54,919.651258
6770.0,6900.0,0.4931506849315068,0.04,0.18249876632113177,P,344.43,343.395895
6770.0,5650.0,0.1232876712328767,0.04,0.19610573757389865,P,0.32,0.453074
6770.0,7775.0,0.1232876712328767,0.04,0.19976759382501202,P,1005.0,972.317643
6770.0,8350.0,0.019178082191780823,0.04,0.19760338368958077,P,1580.0,1573.596977
6770.0,6375.0,1.0,0.04,0.20939359989293402,P,277.37,275.157852
6770.0,7175.0,0.0821917808219178,0.04,0.1891219228171935,P,411.22,412.223814
6770.0,7125.0,0.3287671232876712,0.04,0.19833477422910276,P,460.8,461.123504
6770.0,6100.0,0.0821917808219178,0.04,0.20208433210626583,C,698.85,694.629072
6770.0,5125.0,0.0821917808219178,0.04,0.20245819968428425,P,0.0,4e-05
6770.0,4850.0,0.4931506849315068,0.04,0.21959051530651622,P,3.17,3.283663
6770.0,4825.0,0.3287671232876712,0.04,0.21738587999245318,P,0.07,0.498106
6770.0,8450.0,0.4931506849315068,0.04,0.21466339975563106,P,1680.0,1562.077085
6770.0,5150.0,0.0136986301369863,0.04,0.20121329146318837,C,1626.55,1622.821145
6770.0,8500.0,0.3287671232876712,0.04,0.2119774467859538,C,15.29,14.285569
6770.0,8175.0,0.3287671232876712,0.04,0.20132935385250517,C,24.03,23.874584
6770.0,5175.0,0.057534246575342465,0.04,0.21268853567267973,C,1595.0,1606.895898
6770.0,7700.0,0.005479452054794521,0.04,0.1930746380626153,P,934.48,928.312514
6770.0,7425.0,0.038356164383561646,0.04,0.18834004480920602,C,0.0,0.588501
6770.0,8750.0,0.1232876712328767,0.04,0.2123446548143993,C,0.0,0.054668
6770.0,7200.0,0.1232876712328767,0.04,0.1934102043720706,C,53.36,53.491855
6770.0,5775.0,0.1232876712328767,0.04,0.19824562733968168,C,1024.27,1024.762157
6770.0,6675.0,0.1232876712328767,0.04,0.1906706237677677,C,255.82,250.204221
6770.0,6275.0,0.019178082191780823,0.04,0.18041331409456857,C,502.19,499.860379
6770.0,8675.0,1.0,0.04,0.22410873537504294,C,161.34,159.984564
6770.0,7725.0,0.1232876712328767,0.04,0.1957225851160836,C,5.92,6.256371
6770.0,7850.0,0.057534246575342465,0.04,0.1977229075210247,P,1080.0,1062.056965
6770.0,8450.0,0.1232876712328767,0.04,0.2038717312197918,P,1680.0,1638.618356
6770.0,8750.0,0.3287671232876712,0.04,0.21755238901589358,P,1980.0,1874.88983
6770.0,8700.0,0.3287671232876712,0.04,0.2141060014971187,C,9.34,9.404418
6770.0,7925.0,0.019178082191780823,0.04,0.18887282132083336,P,1155.0,1148.922879
6770.0,8175.0,1.0,0.04,0.21616849464436877,C,232.1,229.341267
